PL001,OEP
PL002,OEM
PL003,OES
PL005,OEP
PL006,OEM
PL007,OEM
PL008,OES
PL010,OEM
PL011,OEP
PL012,OES
PL013,OEM
PL015,OEP
PL016,OES
PL017,OES
PL018,OEP
PL019,OES
PL020,OES
PL022,OES
PL023,OES
PL024,OEP
PL026,OES
PL027,OES
PL028,OES
PL029,OEP
PL030,OEM
PL031,OEP
PL032,OEP
PL033,OES
PL034,OES
PL035,OES
PL036,OEM
PL037,OEM
PL040,OES
PL041,OEP
PL043,OEM
PL044,OEP
PL045,OES
PL046,OES
PL047,OES
PL048,OES
PL049,OEM
PL050,OES
PL051,OEM
PL052,OEM
PL054,OEP
PL055,OEM
PL056,OES
PL057,OEM
PL058,OEP
PL059,OEM
PL060,OES
PL061,OES
PL062,OES
PL063,OEM
PL064,OES
PL065,OES
PL066,OES
PL067,OES
PL068,OEP
PL069,OEP
PL070,OES
PL071,OES
PL072,OES
PL073,OEM
PL074,OES
PL075,OES
PL076,OES
PL077,OEP
PL078,OEP
PL079,OES
PL080,OES
PL081,OES
PL082,OES
PL083,OEM
PL084,OES
PL085,OES
PL086,OES
PL088,OEP
PL090,OEP
PL091,OEP
PL094,OEP
PL095,OES
PL097,OES
PL098,OEM
PL099,OES
PL100,OEM
PL101,OEP
PL102,OES
PL103,OEP
PL104,OES
PL105,OES
PL106,OES
PL107,OES
PL109,OEP
PL110,OES
PL111,OEP
PL112,OES
PL113,OES
PL114,OEP
PL115,OEM
PL116,OES
PL117,OES
PL118,OEP
