Driver001,OES
Driver002,OES
Driver003,OES
Driver004,OEP
Driver005,OES
Driver006,OES
Driver007,OEM
Driver008,OES
Driver009,OES
Driver010,OES
Driver011,OEP
Driver012,OES
Driver013,OEM
Driver014,OEP
Driver015,OES
Driver016,OES
Driver017,OES
Driver018,OEM
Driver019,OES
Driver020,OEP
Driver021,OES
Driver022,OES
Driver023,OES
Driver024,OES
Driver025,OES
Driver026,OES
Driver027,OES
Driver028,OES
Driver029,OEM
Driver030,OEP
Driver031,OES
Driver032,OEP
Driver033,OES
Driver034,OES
Driver035,OES
Driver036,OES
Driver037,OES
Driver038,OES
Driver039,OEP
Driver040,OEM
Driver041,OES
Driver042,OEM
Driver043,OES
Driver044,OES
Driver045,OEP
Driver046,OES
Driver047,OEP
Driver048,OES
Driver049,OEP
Driver050,OES
Driver051,OES
Driver052,OES
Driver053,OES
Driver054,OEM
Driver055,OEP
Driver056,OES
Driver057,OES
Driver058,OEM
Driver059,OES
Driver060,OES
Driver061,OES
Driver062,OES
Driver063,OES
Driver064,OES
Driver065,OEP
Driver066,OEP
Driver067,OEM
Driver068,OES
Driver069,OES
Driver070,OES
Driver071,OES
Driver072,OEM
Driver073,OEP
Driver074,OES
Driver075,OEM
Driver076,OES
Driver077,OES
Driver078,OES
Driver079,OEM
Driver080,OES
Driver081,OES
Driver082,OEP
Driver083,OES
Driver084,OES
Driver085,OEP
Driver086,OES
Driver087,OES
Driver088,OEP
Driver089,OEP
Driver090,OES
Driver091,OEP
Driver092,OEP
Driver093,OEP
Driver094,OES
Driver095,OES
Driver096,OES
Driver097,OES
Driver098,OEM
Driver099,OES
Driver100,OES
Driver101,OES
Driver102,OES
Driver103,OEP
Driver104,OEM
Driver105,OES
Driver106,OEP
Driver107,OEM
Driver108,OEP
Driver109,OES
Driver110,OES
Driver111,OES
Driver112,OES
Driver113,OES
Driver114,OES
Driver115,OES
Driver116,OES
Driver117,OEP
Driver118,OES
Driver119,OES
Driver120,OES
Driver121,OES
Driver122,OES
Driver123,OEP
Driver124,OEM
Driver125,OEM
Driver126,OEP
Driver127,OEP
Driver128,OEM
Driver129,OEP
Driver130,OES
Driver131,OES
Driver132,OEP
Driver133,OES
Driver134,OEM
Driver135,OES
Driver136,OES
Driver137,OES
Driver138,OEP
Driver139,OES
Driver140,OES
Driver141,OES
Driver142,OEM
Driver143,OES
Driver144,OES
Driver145,OEM
Driver146,OES
Driver147,OES
Driver148,OES
Driver149,OEM
Driver150,OES
Driver151,OES
Driver152,OES
Driver153,OES
Driver154,OEP
Driver155,OEP
Driver156,OES
Driver157,OES
Driver158,OES
Driver159,OEP
Driver160,OEP
Driver161,OES
Driver162,OES
Driver163,OES
Driver164,OEM
Driver165,OEM
Driver166,OEM
Driver167,OES
Driver168,OEP
Driver169,OES
Driver170,OES
Driver171,OES
Driver172,OEP
Driver173,OEM
Driver174,OES
Driver175,OES
Driver176,OES
Driver177,OEP
Driver178,OEP
Driver179,OES
Driver180,OEM
Driver181,OES
Driver182,OES
Driver183,OES
Driver184,OES
Driver185,OES
Driver186,OES
Driver187,OES
Driver188,OES
Driver189,OEP
Driver190,OES
Driver191,OES
Driver192,OES
Driver193,OEP
Driver194,OES
Driver195,OES
Driver196,OEM
Driver197,OEP
Driver198,OES
Driver199,OEM
Driver200,OEM
Driver201,OES
Driver202,OES
Driver203,OES
Driver204,OEM
Driver205,OES
Driver206,OES
Driver207,OEP
Driver208,OEP
Driver209,OEP
Driver210,OEP
Driver211,OES
Driver212,OEM
Driver213,OES
Driver214,OES
Driver215,OEP
Driver216,OEM
Driver217,OES
